,ProductName,CostPrice,RetailSPrice,SQty
0,EGG 30 PCS,307.14,340.0,3.0
1,EGG 30 PCS,307.14,350.0,3.0
2,EGG 30 PCS,307.14,375.0,1.0
3,EGG 30 PCS,315.0,350.0,2.0
4,EGG 30 PCS,321.43,330.0,7.0
5,EGG 30 PCS,321.43,340.0,8.0
6,EGG 30 PCS,321.43,420.0,3.0
7,EGG 30 PCS,330.0,350.0,3.0
8,EGG 30 PCS,330.0,375.0,3.0
9,EGG 30 PCS,357.14,395.0,2.0
10,EGG 30 PCS,357.14,400.0,2.0
11,EGG 30 PCS,357.14,405.0,7.0
12,EGG 30 PCS,357.14,410.0,2.0
13,EGG 30 PCS,357.14,440.0,5.0
14,EGG 30 PCS,357.14,450.0,1.0
15,EGG 30 PCS,357.14,475.0,10.5
16,EGG 30 PCS,360.0,380.0,19.0
17,EGG 30 PCS,360.0,390.0,7.0
18,EGG 30 PCS,371.43,375.0,4.0
19,EGG 30 PCS,371.43,395.0,22.0
20,EGG 30 PCS,371.43,420.0,4.0
21,EGG 30 PCS,378.57,400.0,20.0
22,EGG 30 PCS,378.57,450.0,16.5
23,EGG 30 PCS,378.57,480.0,18.0
24,EGG 30 PCS,385.71,400.0,9.0
25,EGG 30 PCS,385.71,405.0,4.0
26,EGG 30 PCS,385.71,430.0,10.0
27,EGG 30 PCS,385.71,450.0,1.0
28,EGG 30 PCS,385.71,460.0,5.0
29,EGG 30 PCS,392.86,405.0,7.0
30,EGG 30 PCS,392.86,415.0,8.0
31,EGG 30 PCS,392.86,430.0,18.0
32,EGG 30 PCS,400.0,420.0,28.0
33,EGG 30 PCS,400.0,425.0,10.0
34,EGG 30 PCS,400.0,430.0,24.0
35,EGG 30 PCS,400.0,450.0,10.0
36,EGG 30 PCS,400.0,460.0,22.0
37,EGG 30 PCS,417.86,480.0,14.0
38,EGG 30 PCS,421.43,455.0,11.0
39,EGG 30 PCS,421.43,465.0,3.0
40,EGG 30 PCS,428.57,445.0,10.0
41,EGG 30 PCS,428.57,450.0,33.0
42,EGG 30 PCS,428.57,460.0,26.0
43,EGG 30 PCS,428.59,445.0,2.0
44,EGG 30 PCS,435.71,460.0,10.0
45,EGG 30 PCS,435.71,480.0,3.0
46,EGG 30 PCS,442.86,460.0,2.0
47,EGG 30 PCS,442.86,470.0,2.0
48,EGG 30 PCS,442.86,480.0,12.0
49,MEIZAN 2 LTR SUN FLOWER OIL JAR,535.0,565.0,45.0
50,MEIZAN 2 LTR SUN FLOWER OIL JAR,545.0,575.0,2.0
51,MEIZAN 2 LTR SUN FLOWER OIL JAR,560.0,575.0,26.0
52,MEIZAN 2 LTR SUN FLOWER OIL JAR,560.0,590.0,1.0
53,MEIZAN 2 LTR SUN FLOWER OIL JAR,570.01,575.0,17.0
54,MEIZAN 2 LTR SUN FLOWER OIL JAR,605.0,615.0,53.0
55,MEIZAN 2 LTR SUN FLOWER OIL JAR,605.0,640.0,1.0
56,MEIZAN 2 LTR SUN FLOWER OIL JAR,605.0,650.0,3.0
57,MEIZAN 2 LTR SUN FLOWER OIL JAR,605.0,660.0,1.0
58,MEIZAN 2 LTR SUN FLOWER OIL JAR,605.0,670.0,1.0
59,MEIZAN 2 LTR SUN FLOWER OIL JAR,614.99,650.0,21.0
60,MEIZAN 2 LTR SUN FLOWER OIL JAR,645.0,685.0,26.0
61,MEIZAN 2 LTR SUN FLOWER OIL JAR,665.0,705.0,30.0
62,MEIZAN 2 LTR SUN FLOWER OIL JAR,699.99,765.0,4.0
63,MEIZAN 2 LTR SUN FLOWER OIL JAR,699.99,785.0,29.0
64,MEIZAN 2 LTR SUN FLOWER OIL JAR,715.0,765.0,14.0
65,MEIZAN 2 LTR SUN FLOWER OIL JAR,719.99,785.0,1.0
66,MEIZAN 2 LTR SUN FLOWER OIL JAR,725.0,750.0,13.0
67,MEIZAN 2 LTR SUN FLOWER OIL JAR,725.0,785.0,1.0
68,MEIZAN 2 LTR SUN FLOWER OIL JAR,729.98,759.0,1.0
69,MEIZAN 2 LTR SUN FLOWER OIL JAR,750.0,785.0,8.0
70,MEIZAN 2 LTR SUN FLOWER OIL JAR,759.99,870.0,24.0
71,MEIZAN 2 LTR SUN FLOWER OIL JAR,759.99,900.0,17.0
72,MEIZAN 2 LTR SUN FLOWER OIL JAR,795.0,870.0,7.0
73,MEIZAN 2 LTR SUN FLOWER OIL JAR,810.0,860.0,12.0
74,MEIZAN 2 LTR SUN FLOWER OIL JAR,860.0,910.0,16.0
75,MEIZAN 2 LTR SUN FLOWER OIL JAR,860.0,930.0,1.0
76,MEIZAN 2 LTR SUN FLOWER OIL JAR,943.92,1010.0,1.0
77,MEIZAN 2 LTR SUN FLOWER OIL JAR,975.0,1010.0,12.0
78,SSM ALMOND 400 GM,380.0,475.0,51.0
79,SSM ALMOND 400 GM,384.0,475.0,14.0
80,SSM ALMOND 400 GM,384.0,490.0,4.0
81,SSM ALMOND 400 GM,390.0,490.0,12.0
82,SSM ALMOND 400 GM,390.01,415.0,6.0
83,SSM ALMOND 400 GM,390.01,424.778761061947,2.0
84,SSM ALMOND 400 GM,390.01,480.0,12.0
85,SSM ALMOND 400 GM,396.0,470.0,1.0
86,SSM ALMOND 400 GM,396.0,490.0,35.0
87,SSM ALMOND 400 GM,400.0,490.0,15.0
88,SSM ALMOND 400 GM,410.0,480.0,3.0
89,SSM ALMOND 400 GM,420.0,495.0,3.0
90,SSM ALMOND 400 GM,435.95,480.0,3.0
91,SSM ALMOND 400 GM,435.95,500.0,40.0
92,SSM ALMOND 400 GM,435.95,565.0,19.0
93,SSM ALMOND 400 GM,435.95,585.0,1.0
94,SSM ALMOND 400 GM,440.0,550.0,32.0
95,SSM ALMOND 400 GM,450.0,477.87610619469,4.0
96,SSM ALMOND 400 GM,450.0,480.0,6.0
97,SSM ALMOND 400 GM,450.0,500.0,3.0
98,SSM ALMOND 400 GM,450.0,540.0,25.0
99,SSM ALMOND 400 GM,452.0,510.0,1.0
100,SSM ALMOND 400 GM,460.0,540.0,3.0
101,SSM ALMOND 400 GM,460.0,552.0,16.0
102,DALDA GHEE 1KG SWASTIK,140.0,150.0,138.0
103,DALDA GHEE 1KG SWASTIK,142.0,155.0,42.0
104,DALDA GHEE 1KG SWASTIK,143.0,150.0,2.0
105,DALDA GHEE 1KG SWASTIK,156.0,160.0,94.0
106,DALDA GHEE 1KG SWASTIK,177.0,185.0,3.0
107,DALDA GHEE 1KG SWASTIK,177.0,195.0,2.0
108,DALDA GHEE 1KG SWASTIK,187.0,195.0,100.0
109,DALDA GHEE 1KG SWASTIK,187.0,200.0,6.0
110,DALDA GHEE 1KG SWASTIK,187.0,210.0,4.0
111,DALDA GHEE 1KG SWASTIK,194.99,225.0,44.0
112,DALDA GHEE 1KG SWASTIK,194.99,240.0,41.0
113,DALDA GHEE 1KG SWASTIK,200.0,210.0,63.0
114,DALDA GHEE 1KG SWASTIK,200.0,215.0,8.0
115,DALDA GHEE 1KG SWASTIK,214.99,230.0,10.0
116,DALDA GHEE 1KG SWASTIK,214.99,235.0,16.0
117,DALDA GHEE 1KG SWASTIK,214.99,240.0,157.0
118,DALDA GHEE 1KG SWASTIK,217.01,225.0,7.0
119,DALDA GHEE 1KG SWASTIK,320.0,292.04,8.0
120,DALDA GHEE 1KG SWASTIK,320.0,330.0,31.0
121,SSM CASHEW 200 GM,270.0,340.0,33.0
122,SSM CASHEW 200 GM,275.0,274.336283185841,1.0
123,SSM CASHEW 200 GM,275.0,309.734513274336,1.0
124,SSM CASHEW 200 GM,275.0,310.0,54.0
125,SSM CASHEW 200 GM,275.0,350.0,46.0
126,SSM CASHEW 200 GM,275.0,365.0,1.0
127,SSM CASHEW 200 GM,280.0,350.0,112.0
128,SSM CASHEW 200 GM,285.0,340.0,6.0
129,SSM CASHEW 200 GM,285.0,350.0,37.0
130,SSM CASHEW 200 GM,286.01,340.0,15.0
131,SSM CASHEW 200 GM,287.0,350.0,2.0
132,SSM CASHEW 200 GM,288.0,350.0,22.0
133,SSM CASHEW 200 GM,290.0,296.46017699115,1.0
134,SSM CASHEW 200 GM,290.0,335.0,19.0
135,SSM CASHEW 200 GM,290.0,340.0,2.0
136,SSM CASHEW 200 GM,290.0,350.0,39.0
137,SSM CASHEW 200 GM,295.0,350.0,1.0
138,SSM CASHEW 200 GM,295.0,354.0,38.0
139,SSM CASHEW 200 GM,295.0,365.0,1.0
140,SSM CASHEW 200 GM,296.0,309.734513274336,1.0
141,SSM CASHEW 200 GM,296.0,350.0,88.0
142,SSM CASHEW 200 GM,300.0,330.0,8.0
143,SSM CASHEW 200 GM,300.0,350.0,91.0
144,SSM CASHEW 200 GM,310.0,375.0,25.0
145,SSM CASHEW 200 GM,316.4,350.0,3.0
146,SSM CASHEW 200 GM,320.22,330.0,15.0
147,SSM CASHEW 200 GM,320.22,350.0,17.0
148,SSM CASHEW 200 GM,320.22,355.0,1.0
149,SUNFLOW 1 LTR SUN FLOWER OIL PKT,162.99,170.0,35.0
150,SUNFLOW 1 LTR SUN FLOWER OIL PKT,165.0,170.0,165.0
151,SUNFLOW 1 LTR SUN FLOWER OIL PKT,182.0,190.0,78.0
152,SUNFLOW 1 LTR SUN FLOWER OIL PKT,182.0,220.0,4.0
153,SUNFLOW 1 LTR SUN FLOWER OIL PKT,202.99,260.0,2.0
154,SUNFLOW 1 LTR SUN FLOWER OIL PKT,210.0,260.0,3.0
155,SUNFLOW 1 LTR SUN FLOWER OIL PKT,212.0,220.0,26.0
156,SUNFLOW 1 LTR SUN FLOWER OIL PKT,218.0,225.0,61.0
157,SUNFLOW 1 LTR SUN FLOWER OIL PKT,245.0,234.513274336283,4.0
158,SUNFLOW 1 LTR SUN FLOWER OIL PKT,245.0,265.0,131.0
159,SUNFLOW 1 LTR SUN FLOWER OIL PKT,245.0,275.0,24.0
160,SUNFLOW 1 LTR SUN FLOWER OIL PKT,250.0,257.0,10.0
161,SUNFLOW 1 LTR SUN FLOWER OIL PKT,250.0,260.0,149.5
162,SUNFLOW 1 LTR SUN FLOWER OIL PKT,250.0,265.0,20.0
163,SUNFLOW 1 LTR SUN FLOWER OIL PKT,250.0,290.0,8.0
164,SUNFLOW 1 LTR SUN FLOWER OIL PKT,253.0,265.0,2.0
165,SUNFLOW 1 LTR SUN FLOWER OIL PKT,318.0,292.035398230089,10.0
166,SUNFLOW 1 LTR SUN FLOWER OIL PKT,318.0,330.0,26.0
167,DHARA MUSTARD OIL 1LTR POUCH,212.0,230.0,1.0
168,DHARA MUSTARD OIL 1LTR POUCH,229.0,240.0,20.0
169,DHARA MUSTARD OIL 1LTR POUCH,229.0,250.0,10.0
170,DHARA MUSTARD OIL 1LTR POUCH,245.0,255.0,20.0
171,DHARA MUSTARD OIL 1LTR POUCH,247.0,255.0,13.0
172,DHARA MUSTARD OIL 1LTR POUCH,255.0,265.0,1.0
173,DHARA MUSTARD OIL 1LTR POUCH,268.0,280.0,1.0
174,DHARA MUSTARD OIL 1LTR POUCH,270.0,280.0,21.0
175,DHARA MUSTARD OIL 1LTR POUCH,315.0,330.0,6.0
176,DHARA MUSTARD OIL 1LTR POUCH,320.0,340.0,9.0
177,DHARA MUSTARD OIL 1LTR POUCH,331.0,365.0,2.0
178,DHARA MUSTARD OIL 1LTR POUCH,331.0,370.0,18.0
179,DHARA MUSTARD OIL 1LTR POUCH,341.99,370.0,43.0
180,DHARA MUSTARD OIL 1LTR POUCH,341.99,380.0,2.0
181,DHARA MUSTARD OIL 1LTR POUCH,349.99,385.0,2.0
182,DHARA MUSTARD OIL 1LTR POUCH,352.0,380.0,1.0
183,DHARA MUSTARD OIL 1LTR POUCH,352.0,385.0,4.0
184,MAC TEA MONGLIAN SALT TEA 3IN1 240GM 20SACHETS PKT,260.01,290.0,267.0
185,MAC TEA MONGLIAN SALT TEA 3IN1 240GM 20SACHETS PKT,260.01,305.0,68.0
186,MAC TEA MONGLIAN SALT TEA 3IN1 240GM 20SACHETS PKT,270.0,290.0,39.0
187,MAC TEA MONGLIAN SALT TEA 3IN1 240GM 20SACHETS PKT,310.0,287.610619469027,1.0
188,MAC TEA MONGLIAN SALT TEA 3IN1 240GM 20SACHETS PKT,310.0,325.0,212.0
189,MAC TEA MONGLIAN SALT TEA 3IN1 240GM 20SACHETS PKT,320.0,335.0,72.0
190,MAC TEA MONGLIAN SALT TEA 3IN1 240GM 20SACHETS PKT,326.0,292.035398230089,56.0
191,MAC TEA MONGLIAN SALT TEA 3IN1 240GM 20SACHETS PKT,326.0,330.0,160.0
192,MAC TEA MONGLIAN SALT TEA 3IN1 240GM 20SACHETS PKT,326.0,331.0,1.0
193,MAC TEA MONGLIAN SALT TEA 3IN1 240GM 20SACHETS PKT,326.0,340.0,53.0
194,MAC TEA MONGLIAN SALT TEA 3IN1 240GM 20SACHETS PKT,334.4,344.0,2.0
195,MAC TEA MONGLIAN SALT TEA 3IN1 240GM 20SACHETS PKT,334.4,345.0,77.0
196,MAC TEA MONGLIAN SALT TEA 3IN1 240GM 20SACHETS PKT,334.4,370.0,2.0
197,MEIZAN 5 LTR SUN FLOWER OIL JAR,1335.0,1400.0,8.0
198,MEIZAN 5 LTR SUN FLOWER OIL JAR,1450.0,1525.0,7.0
199,MEIZAN 5 LTR SUN FLOWER OIL JAR,1450.0,1600.0,1.0
200,MEIZAN 5 LTR SUN FLOWER OIL JAR,1525.0,1600.0,1.0
201,MEIZAN 5 LTR SUN FLOWER OIL JAR,1525.0,1675.0,1.0
202,MEIZAN 5 LTR SUN FLOWER OIL JAR,1575.01,1675.0,7.0
203,MEIZAN 5 LTR SUN FLOWER OIL JAR,1760.0,1910.0,3.0
204,MEIZAN 5 LTR SUN FLOWER OIL JAR,1795.0,1885.0,5.0
205,MEIZAN 5 LTR SUN FLOWER OIL JAR,1875.0,1980.0,2.0
206,MEIZAN 5 LTR SUN FLOWER OIL JAR,1924.99,2125.0,10.0
207,MEIZAN 5 LTR SUN FLOWER OIL JAR,1924.99,2300.0,1.0
208,MEIZAN 5 LTR SUN FLOWER OIL JAR,1924.99,2350.0,1.0
209,MEIZAN 5 LTR SUN FLOWER OIL JAR,1924.99,2380.0,1.0
210,MEIZAN 5 LTR SUN FLOWER OIL JAR,1975.0,2125.0,1.0
211,MEIZAN 5 LTR SUN FLOWER OIL JAR,2424.99,2595.0,3.0
212,MEIZAN 5 LTR SUN FLOWER OIL JAR,2425.77,2595.0,1.0
213,SSM ALMOND 200 GM,191.13,240.0,91.0
214,SSM ALMOND 200 GM,191.13,250.0,1.0
215,SSM ALMOND 200 GM,192.0,240.0,41.0
216,SSM ALMOND 200 GM,195.0,212.389380530973,3.0
217,SSM ALMOND 200 GM,195.0,220.0,1.0
218,SSM ALMOND 200 GM,195.0,240.0,73.0
219,SSM ALMOND 200 GM,195.0,245.0,18.0
220,SSM ALMOND 200 GM,198.0,235.0,5.0
221,SSM ALMOND 200 GM,198.0,245.0,123.0
222,SSM ALMOND 200 GM,200.0,245.0,33.0
223,SSM ALMOND 200 GM,205.0,240.0,32.0
224,SSM ALMOND 200 GM,205.0,250.0,1.0
225,SSM ALMOND 200 GM,210.0,250.0,8.0
226,SSM ALMOND 200 GM,217.39,240.0,3.0
227,SSM ALMOND 200 GM,220.0,250.0,59.0
228,SSM ALMOND 200 GM,220.0,285.0,131.0
229,SSM ALMOND 200 GM,224.15,235.0,18.0
230,SSM ALMOND 200 GM,224.15,245.0,23.0
231,SSM ALMOND 200 GM,225.0,212.389380530973,1.0
232,SSM ALMOND 200 GM,225.0,238.938053097345,1.0
233,SSM ALMOND 200 GM,225.0,240.0,14.0
234,SSM ALMOND 200 GM,225.0,270.0,75.0
235,SSM ALMOND 200 GM,226.0,245.0,4.0
236,SSM ALMOND 200 GM,226.0,255.0,1.0
237,SSM ALMOND 200 GM,230.0,270.0,2.0
238,SSM ALMOND 200 GM,230.0,276.0,36.0
239,SSM WALNUTS 800GM CHINESE,368.0,500.0,22.0
240,SSM WALNUTS 800GM CHINESE,371.54,515.0,10.0
241,SSM WALNUTS 800GM CHINESE,376.0,376.106194690266,6.0
242,SSM WALNUTS 800GM CHINESE,376.0,407.079646017699,3.0
243,SSM WALNUTS 800GM CHINESE,376.0,425.0,36.0
244,SSM WALNUTS 800GM CHINESE,376.0,450.0,15.0
245,SSM WALNUTS 800GM CHINESE,376.0,460.0,22.0
246,SSM WALNUTS 800GM CHINESE,384.0,440.0,7.0
247,SSM WALNUTS 800GM CHINESE,384.0,450.0,19.0
248,SSM WALNUTS 800GM CHINESE,384.0,460.0,9.0
249,SSM WALNUTS 800GM CHINESE,413.99,475.0,1.0
250,SSM WALNUTS 800GM CHINESE,413.99,500.0,4.0
251,SSM WALNUTS 800GM CHINESE,419.84,515.0,1.0
252,SSM WALNUTS 800GM CHINESE,419.84,645.0,1.0
253,SSM WALNUTS 800GM CHINESE,428.0,550.0,23.0
254,SSM WALNUTS 800GM CHINESE,433.92,460.0,16.0
255,SSM WALNUTS 800GM CHINESE,440.0,500.0,2.0
256,SSM WALNUTS 800GM CHINESE,440.0,550.0,61.0
257,SSM WALNUTS 800GM CHINESE,444.18,500.0,3.0
258,SSM WALNUTS 800GM CHINESE,444.18,550.0,5.0
259,SSM WALNUTS 800GM CHINESE,448.0,550.0,7.0
260,SURYA RED LUXURY KINGS 20HL,256.71,257.0,20.0
261,SURYA RED LUXURY KINGS 20HL,256.71,275.0,128.0
262,SURYA RED LUXURY KINGS 20HL,256.71,280.0,414.0
263,SURYA RED LUXURY KINGS 20HL,256.71,285.0,35.0
264,SURYA RED LUXURY KINGS 20HL,267.02,275.8333,6.0
265,SURYA RED LUXURY KINGS 20HL,267.02,285.0,109.0
266,SURYA RED LUXURY KINGS 20HL,267.02,305.0,34.0
267,SURYA RED LUXURY KINGS 20HL,270.0,280.0,5.0
268,SURYA RED LUXURY KINGS 20HL,270.0,285.0,20.0
269,SURYA RED LUXURY KINGS 20HL,270.0,300.0,6.0
270,SURYA RED LUXURY KINGS 20HL,287.63,269.911504424779,1.0
271,SURYA RED LUXURY KINGS 20HL,287.63,298.0,10.0
272,SURYA RED LUXURY KINGS 20HL,287.63,300.0,5.0
273,SURYA RED LUXURY KINGS 20HL,287.63,305.0,573.0
274,SURYA RED LUXURY KINGS 20HL,287.63,315.0,14.0
275,SURYA RED LUXURY KINGS 20HL,299.81,315.0,92.0
276,TUBORG BEER 650ML BOTTLE,310.0,325.0,63.0
277,TUBORG BEER 650ML BOTTLE,310.0,330.0,7.0
278,TUBORG BEER 650ML BOTTLE,317.99,322.0,5.0
279,TUBORG BEER 650ML BOTTLE,317.99,330.0,6.0
280,TUBORG BEER 650ML BOTTLE,317.99,335.0,294.0
281,TUBORG BEER 650ML BOTTLE,318.0,325.0,24.0
282,TUBORG BEER 650ML BOTTLE,318.0,335.0,13.0
283,TUBORG BEER 650ML BOTTLE,318.0,350.0,38.0
284,TUBORG BEER 650ML BOTTLE,354.33,336.283185840708,28.0
285,TUBORG BEER 650ML BOTTLE,354.33,370.0,52.0
286,TUBORG BEER 650ML BOTTLE,354.33,380.0,69.0
287,TUBORG BEER 650ML BOTTLE,354.33,385.0,160.0
288,TUBORG BEER 650ML BOTTLE,354.35,370.0,23.0
289,TUBORG BEER 650ML BOTTLE,386.91,415.0,9.0
290,SHIN RAMYUN 120GM 2X SPICY HOT CHICKEN FAMILY PACK,542.4,600.0,16.0
291,SHIN RAMYUN 120GM 2X SPICY HOT CHICKEN FAMILY PACK,623.76,650.0,15.0
292,SHIN RAMYUN 120GM 2X SPICY HOT CHICKEN FAMILY PACK,623.76,699.0,9.0
293,SHIN RAMYUN 120GM 2X SPICY HOT CHICKEN FAMILY PACK,623.76,700.0,1.0
294,SHIN RAMYUN 120GM 2X SPICY HOT CHICKEN FAMILY PACK,623.76,775.0,2.0
295,SHIN RAMYUN 120GM 2X SPICY HOT CHICKEN FAMILY PACK,717.55,770.0,15.0
296,SHIN RAMYUN 120GM 2X SPICY HOT CHICKEN FAMILY PACK,727.27,800.0,1.0
297,SHIN RAMYUN 120GM 2X SPICY HOT CHICKEN FAMILY PACK,728.91,712.389380530974,1.0
298,SHIN RAMYUN 120GM 2X SPICY HOT CHICKEN FAMILY PACK,728.91,805.0,16.0
299,ALOO BHUJIA 400GM,165.18,182.0,18.0
300,ALOO BHUJIA 400GM,192.08,210.0,15.0
301,ALOO BHUJIA 400GM,192.08,211.0,21.0
302,ALOO BHUJIA 400GM,192.08,214.0,5.0
303,ALOO BHUJIA 400GM,196.0,214.0,15.0
304,ALOO BHUJIA 400GM,196.0,215.0,6.0
305,ALOO BHUJIA 400GM,196.0,216.0,7.0
306,ALOO BHUJIA 400GM,196.0,225.0,1.0
307,ALOO BHUJIA 400GM,196.98,217.0,30.0
308,ALOO BHUJIA 400GM,210.7,232.0,3.0
309,SSM WALNUTS 400GM CHINEESE,184.0,250.0,26.0
310,SSM WALNUTS 400GM CHINEESE,184.0,260.0,19.0
311,SSM WALNUTS 400GM CHINEESE,188.0,207.964601769912,2.0
312,SSM WALNUTS 400GM CHINEESE,188.0,220.0,42.0
313,SSM WALNUTS 400GM CHINEESE,188.0,235.0,48.0
314,SSM WALNUTS 400GM CHINEESE,192.0,225.0,3.0
315,SSM WALNUTS 400GM CHINEESE,192.0,230.0,23.0
316,SSM WALNUTS 400GM CHINEESE,192.0,235.0,16.0
317,SSM WALNUTS 400GM CHINEESE,207.92,260.0,2.0
318,SSM WALNUTS 400GM CHINEESE,214.0,275.0,18.0
319,SSM WALNUTS 400GM CHINEESE,216.96,235.0,14.0
320,SSM WALNUTS 400GM CHINEESE,220.0,260.0,1.0
321,SSM WALNUTS 400GM CHINEESE,220.0,280.0,57.0
322,SSM WALNUTS 400GM CHINEESE,224.0,280.0,19.0
323,SSM WALNUTS 400GM CHINEESE,235.45,260.0,18.0
324,SSM WALNUTS 400GM CHINEESE,235.45,280.0,18.0
325,SSM CASHEW 400 GM,540.0,675.0,21.0
326,SSM CASHEW 400 GM,550.0,620.0,9.0
327,SSM CASHEW 400 GM,550.0,700.0,11.0
328,SSM CASHEW 400 GM,560.0,700.0,8.0
329,SSM CASHEW 400 GM,570.0,690.0,26.0
330,SSM CASHEW 400 GM,574.0,700.0,21.0
331,SSM CASHEW 400 GM,580.0,680.0,4.0
332,SSM CASHEW 400 GM,580.0,690.0,6.0
333,SSM CASHEW 400 GM,580.0,700.0,3.0
334,SSM CASHEW 400 GM,590.0,700.0,1.0
335,SSM CASHEW 400 GM,590.0,708.0,14.0
336,SSM CASHEW 400 GM,591.73,690.0,30.0
337,SSM CASHEW 400 GM,591.73,700.0,1.0
338,SSM CASHEW 400 GM,592.0,619.469026548673,3.0
339,SSM CASHEW 400 GM,592.0,700.0,27.0
340,SSM CASHEW 400 GM,592.22,680.0,2.0
341,SSM CASHEW 400 GM,600.0,700.0,10.0
342,SSM CASHEW 400 GM,610.2,660.0,2.0
343,SSM CASHEW 400 GM,610.2,700.0,4.0
344,SSM CASHEW 400 GM,632.8,700.0,1.0
345,SSM CASHEW 400 GM,632.8,715.0,1.0
346,SUGAR 1KG,77.0,83.0,86.0
347,SUGAR 1KG,77.0,85.0,165.0
348,SUGAR 1KG,78.5,92.0,7.0
349,SUGAR 1KG,79.01,85.0,51.0
350,SUGAR 1KG,81.51,85.0,299.0
351,SUGAR 1KG,81.51,92.0,47.0
352,SUGAR 1KG,82.5,85.0,1.0
353,SUGAR 1KG,82.5,95.0,162.0
354,SUGAR 1KG,85.0,92.0,59.0
355,SUGAR 1KG,86.0,92.0,34.0
356,SUGAR 1KG,86.5,84.070796460177,10.0
357,SUGAR 1KG,86.5,92.0,177.0
358,SUGAR 1KG,86.5,95.0,159.0
359,SUGAR 1KG,87.01,92.0,56.0
360,SUGAR 1KG,89.0,84.070796460177,14.0
361,SUGAR 1KG,89.0,95.0,68.0
362,SUGAR 1KG,92.0,86.7256637168142,2.0
363,SUGAR 1KG,92.0,88.495575221239,4.0
364,SUGAR 1KG,92.0,95.0,1.0
365,SUGAR 1KG,92.0,98.0,80.0
366,SUGAR 1KG,92.0,100.0,10.0
367,SUGAR 1KG,93.0,95.0,68.0
368,PRIL PERFECT DISH WASH LIME 750ML GREEN,228.07,250.0,96.0
369,PRIL PERFECT DISH WASH LIME 750ML GREEN,228.07,255.0,2.0
370,PRIL PERFECT DISH WASH LIME 750ML GREEN,249.44,280.0,10.0
371,PRIL PERFECT DISH WASH LIME 750ML GREEN,270.84,252.212389380531,1.0
372,PRIL PERFECT DISH WASH LIME 750ML GREEN,270.84,285.0,22.0
373,PRIL PERFECT DISH WASH LIME 750ML GREEN,270.84,298.0,22.0
374,PRIL PERFECT DISH WASH LIME 750ML GREEN,270.84,305.0,1.0
375,PRIL PERFECT DISH WASH LIME 750ML GREEN,277.96,265.486725663717,1.0
376,PRIL PERFECT DISH WASH LIME 750ML GREEN,277.96,300.0,4.0
377,PRIL PERFECT DISH WASH LIME 750ML GREEN,277.96,305.0,11.0
378,MARLBORO CIGARETTE 1 PCS,250.0,268.0,10.0
379,MARLBORO CIGARETTE 1 PCS,250.0,275.0,277.0
380,MARLBORO CIGARETTE 1 PCS,255.0,238.938,40.0
381,MARLBORO CIGARETTE 1 PCS,255.0,240.044247787,200.0
382,MARLBORO CIGARETTE 1 PCS,255.0,243.362831858407,20.0
383,MARLBORO CIGARETTE 1 PCS,255.0,256.0,20.0
384,MARLBORO CIGARETTE 1 PCS,255.0,261.0,30.0
385,MARLBORO CIGARETTE 1 PCS,255.0,275.0,1403.0
386,MARLBORO CIGARETTE 1 PCS,255.0,280.0,17.0
387,MARLBORO CIGARETTE 1 PCS,255.0,285.0,13.0
388,VICTORIA YEAST 500GM,257.5,288.0,38.0
389,VICTORIA YEAST 500GM,257.5,300.0,12.0
390,VICTORIA YEAST 500GM,260.0,288.0,16.0
391,VICTORIA YEAST 500GM,260.0,291.0,14.0
392,VICTORIA YEAST 500GM,262.73,290.0,12.0
393,VICTORIA YEAST 500GM,265.0,295.0,7.0
394,VICTORIA YEAST 500GM,275.0,308.0,9.0
395,VICTORIA YEAST 500GM,275.0,336.0,2.0
396,VICTORIA YEAST 500GM,300.0,330.0,11.0
397,VICTORIA YEAST 500GM,310.0,340.0,5.0
398,DHARA HEALTH 1 LTR SUN FLOWER OIL PKT,196.0,200.0,59.0
399,DHARA HEALTH 1 LTR SUN FLOWER OIL PKT,205.0,210.0,10.0
400,DHARA HEALTH 1 LTR SUN FLOWER OIL PKT,212.0,220.0,27.0
401,DHARA HEALTH 1 LTR SUN FLOWER OIL PKT,232.0,245.0,3.0
402,DHARA HEALTH 1 LTR SUN FLOWER OIL PKT,235.0,250.0,46.0
403,DHARA HEALTH 1 LTR SUN FLOWER OIL PKT,257.99,300.0,38.0
404,DHARA HEALTH 1 LTR SUN FLOWER OIL PKT,265.0,300.0,37.0
405,DHARA HEALTH 1 LTR SUN FLOWER OIL PKT,272.0,285.0,13.0
406,DHARA HEALTH 1 LTR SUN FLOWER OIL PKT,277.0,300.0,7.0
407,DHARA HEALTH 1 LTR SUN FLOWER OIL PKT,363.0,370.0,10.0
408,COLGATE 200GM HERBAL ANTI TOOTH DECAY,142.5,135.0,5.0
409,COLGATE 200GM HERBAL ANTI TOOTH DECAY,142.5,157.0,26.0
410,COLGATE 200GM HERBAL ANTI TOOTH DECAY,142.5,160.0,6.0
411,COLGATE 200GM HERBAL ANTI TOOTH DECAY,148.24,163.0,34.0
412,COLGATE 200GM HERBAL ANTI TOOTH DECAY,151.25,166.0,20.0
413,COLGATE 200GM HERBAL ANTI TOOTH DECAY,159.19,175.0,8.0
414,COLGATE 200GM HERBAL ANTI TOOTH DECAY,160.86,177.0,7.0
415,COLGATE 200GM HERBAL ANTI TOOTH DECAY,162.52,179.0,12.0
416,SSM CASHEW 100 GM,135.0,170.0,21.0
417,SSM CASHEW 100 GM,137.5,137.16814159292,3.0
418,SSM CASHEW 100 GM,137.5,155.0,67.0
419,SSM CASHEW 100 GM,137.5,175.0,5.0
420,SSM CASHEW 100 GM,137.5,180.0,28.0
421,SSM CASHEW 100 GM,138.31,180.0,1.0
422,SSM CASHEW 100 GM,140.0,165.0,1.0
423,SSM CASHEW 100 GM,140.0,175.0,84.0
424,SSM CASHEW 100 GM,142.5,170.0,12.0
425,SSM CASHEW 100 GM,144.0,180.0,44.0
426,SSM CASHEW 100 GM,144.99,175.0,45.0
427,SSM CASHEW 100 GM,145.0,170.0,68.0
428,SSM CASHEW 100 GM,145.0,175.0,20.0
429,SSM CASHEW 100 GM,145.0,180.0,4.0
430,SSM CASHEW 100 GM,145.44,175.0,1.0
431,SSM CASHEW 100 GM,145.44,177.0,39.0
432,SSM CASHEW 100 GM,147.5,177.0,2.0
433,SSM CASHEW 100 GM,148.0,175.0,66.0
434,SSM CASHEW 100 GM,150.0,170.0,1.0
435,SSM CASHEW 100 GM,150.0,175.0,39.0
436,SSM CASHEW 100 GM,155.0,190.0,32.0
437,SSM CASHEW 100 GM,158.2,175.0,2.0
438,AARATI PREMIUM RICE 20KG,2300.0,2460.0,1.0
439,AARATI PREMIUM RICE 20KG,2300.0,2465.0,12.0
440,AARATI PREMIUM RICE 20KG,2350.0,2465.0,13.0
441,AARATI PREMIUM RICE 20KG,2400.0,2520.0,29.0
442,AARATI PREMIUM RICE 20KG,2400.0,2560.0,2.0
443,AARATI PREMIUM RICE 20KG,2450.0,2550.0,1.0
444,AARATI PREMIUM RICE 20KG,2475.0,2550.0,41.0
445,AARATI PREMIUM RICE 20KG,2540.0,2625.0,4.0
446,AARATI PREMIUM RICE 20KG,2600.0,2730.0,25.0
447,AARATI PREMIUM RICE 20KG,2750.0,2800.0,11.0
448,SAGUN SESAME OIL 500ML,97.5,125.0,17.0
449,SAGUN SESAME OIL 500ML,105.0,125.0,23.0
450,SAGUN SESAME OIL 500ML,115.0,145.0,16.0
451,SAGUN SESAME OIL 500ML,115.0,155.0,1.0
452,SAGUN SESAME OIL 500ML,122.5,155.0,12.0
453,SAGUN SESAME OIL 500ML,122.5,165.0,9.0
454,SAGUN SESAME OIL 500ML,122.5,175.0,12.0
455,SAGUN SESAME OIL 500ML,145.0,180.0,11.0
456,SAGUN SESAME OIL 500ML,155.0,195.0,10.0
457,SAGUN SESAME OIL 500ML,180.0,205.0,8.0
458,SSM PISTA 400 GM,600.0,750.0,14.0
459,SSM PISTA 400 GM,600.0,805.0,2.0
460,SSM PISTA 400 GM,621.5,770.0,1.0
461,SSM PISTA 400 GM,640.0,770.0,11.0
462,SSM PISTA 400 GM,650.0,663.716814159292,4.0
463,SSM PISTA 400 GM,650.0,750.0,8.0
464,SSM PISTA 400 GM,660.0,790.0,12.0
465,SSM PISTA 400 GM,660.0,810.0,1.0
466,SSM PISTA 400 GM,670.18,805.0,2.0
467,SSM PISTA 400 GM,672.56,810.0,9.0
468,SSM PISTA 400 GM,678.75,805.0,8.0
469,SSM PISTA 400 GM,680.0,900.0,7.0
470,SSM PISTA 400 GM,700.0,820.0,2.0
471,EGG 1 PC,12.38,13.0,15.0
472,EGG 1 PC,12.38,13.5,15.0
473,EGG 1 PC,12.38,14.0,13.0
474,EGG 1 PC,12.38,14.3,10.0
475,EGG 1 PC,12.38,15.0,334.0
476,EGG 1 PC,12.38,16.0,634.0
477,EGG 1 PC,13.33,17.0,9.0
478,EGG 1 PC,13.81,17.0,13.0
479,EGG 1 PC,13.81,18.0,15.0
480,EGG 1 PC,14.29,15.0,15.0
481,EGG 1 PC,14.29,16.0,45.0
482,EGG 1 PC,14.29,17.0,310.0
483,EGG 1 PC,14.52,17.0,42.0
484,DHARA MUSTARD OIL 500ML,88.5,130.0,26.0
485,DHARA MUSTARD OIL 500ML,123.5,130.0,20.0
486,DHARA MUSTARD OIL 500ML,123.5,135.0,2.0
487,DHARA MUSTARD OIL 500ML,134.0,140.0,11.0
488,DHARA MUSTARD OIL 500ML,134.0,150.0,1.0
489,DHARA MUSTARD OIL 500ML,157.5,165.0,12.0
490,DHARA MUSTARD OIL 500ML,157.5,178.0,18.0
491,DHARA MUSTARD OIL 500ML,157.5,185.0,2.0
492,DHARA MUSTARD OIL 500ML,157.5,188.0,18.0
493,MAGGI RICH TOMATO KETCHUP 500GM,185.93,205.0,3.0
494,MAGGI RICH TOMATO KETCHUP 500GM,189.61,207.0,38.0
495,MAGGI RICH TOMATO KETCHUP 500GM,189.61,210.0,18.0
496,MAGGI RICH TOMATO KETCHUP 500GM,189.61,225.0,1.0
497,MAGGI RICH TOMATO KETCHUP 500GM,189.61,226.0,1.0
498,MAGGI RICH TOMATO KETCHUP 500GM,191.57,211.0,8.0
499,MAGGI RICH TOMATO KETCHUP 500GM,191.57,226.0,1.0
500,MAGGI RICH TOMATO KETCHUP 500GM,196.0,218.0,11.0
501,MAGGI RICH TOMATO KETCHUP 500GM,198.0,218.0,9.0
502,MAGGI RICH TOMATO KETCHUP 500GM,200.0,218.0,9.0
503,MAGGI RICH TOMATO KETCHUP 500GM,202.5,221.0,13.0
504,RED BULL 250ML ENERGY DRINK AUST,187.5,200.0,10.0
505,RED BULL 250ML ENERGY DRINK AUST,187.5,201.0,5.0
506,RED BULL 250ML ENERGY DRINK AUST,187.5,205.0,2.0
507,RED BULL 250ML ENERGY DRINK AUST,187.5,225.0,44.0
508,RED BULL 250ML ENERGY DRINK AUST,200.0,225.0,4.0
509,RED BULL 250ML ENERGY DRINK AUST,200.0,250.0,47.0
510,RED BULL 250ML ENERGY DRINK AUST,212.5,240.0,3.0
511,RED BULL 250ML ENERGY DRINK AUST,212.5,250.0,33.0
512,RED BULL 250ML ENERGY DRINK AUST,225.0,245.0,25.0
513,RED BULL 250ML ENERGY DRINK AUST,230.0,250.0,96.0
514,RED BULL 250ML ENERGY DRINK AUST,240.0,250.0,86.0
515,RED BULL 250ML ENERGY DRINK AUST,240.0,260.0,62.0
516,RED BULL 250ML ENERGY DRINK AUST,240.1,250.0,49.0
517,RED BULL 250ML ENERGY DRINK AUST,240.1,260.0,57.0
518,HOT CHICKEN FLAVOR RAMEN 140 GM CHEESE,135.0,156.0,3.0
519,HOT CHICKEN FLAVOR RAMEN 140 GM CHEESE,135.0,160.0,36.0
520,HOT CHICKEN FLAVOR RAMEN 140 GM CHEESE,144.28,165.0,10.0
521,HOT CHICKEN FLAVOR RAMEN 140 GM CHEESE,144.28,175.0,90.0
522,HOT CHICKEN FLAVOR RAMEN 140 GM CHEESE,145.0,167.0,29.0
523,HOT CHICKEN FLAVOR RAMEN 140 GM CHEESE,149.7,175.0,81.0
524,HOT CHICKEN FLAVOR RAMEN 140 GM CHEESE,150.0,170.0,23.0
525,HOT CHICKEN FLAVOR RAMEN 140 GM CHEESE,150.29,170.0,34.0
526,HOT CHICKEN FLAVOR RAMEN 140 GM CHEESE,155.65,154.867256637168,1.0
527,HOT CHICKEN FLAVOR RAMEN 140 GM CHEESE,155.65,175.0,37.0
528,HOT CHICKEN FLAVOR RAMEN 140 GM CHEESE,160.03,180.0,29.0
529,SSM PISTA 200 GM,297.5,375.0,37.0
530,SSM PISTA 200 GM,320.0,375.0,1.0
531,SSM PISTA 200 GM,320.0,385.0,42.0
532,SSM PISTA 200 GM,320.0,410.0,1.0
533,SSM PISTA 200 GM,325.0,336.283185840708,2.0
534,SSM PISTA 200 GM,325.0,380.0,24.0
535,SSM PISTA 200 GM,325.0,405.0,13.0
536,SSM PISTA 200 GM,330.0,395.0,43.0
537,SSM PISTA 200 GM,330.0,410.0,52.0
538,SSM PISTA 200 GM,335.09,405.0,9.0
539,SSM PISTA 200 GM,336.99,375.0,11.0
540,SSM PISTA 200 GM,336.99,405.0,2.0
541,SSM PISTA 200 GM,350.0,410.0,19.0
542,SSM PISTA 200 GM,375.0,450.0,26.0
543,BARAHSINGHE PILSNER BIER 330 ML,143.46,149.0,24.0
544,BARAHSINGHE PILSNER BIER 330 ML,143.46,152.0,77.0
545,BARAHSINGHE PILSNER BIER 330 ML,149.43,155.0,44.0
546,BARAHSINGHE PILSNER BIER 330 ML,149.44,160.0,23.0
547,BARAHSINGHE PILSNER BIER 330 ML,160.33,165.0,30.0
548,BARAHSINGHE PILSNER BIER 330 ML,160.33,170.0,24.0
549,BARAHSINGHE PILSNER BIER 330 ML,160.33,175.0,274.0
550,BARAHSINGHE PILSNER BIER 330 ML,160.33,265.0,2.0
551,MUNG KHOSTA 1 KG,141.0,180.0,33.0
552,MUNG KHOSTA 1 KG,141.0,200.0,1.0
553,MUNG KHOSTA 1 KG,142.0,165.0,6.0
554,MUNG KHOSTA 1 KG,142.0,170.0,1.0
555,MUNG KHOSTA 1 KG,142.0,175.0,1.0
556,MUNG KHOSTA 1 KG,145.0,165.0,4.0
557,MUNG KHOSTA 1 KG,148.0,170.0,15.0
558,MUNG KHOSTA 1 KG,148.0,173.0,1.0
559,MUNG KHOSTA 1 KG,150.0,165.0,22.0
560,MUNG KHOSTA 1 KG,150.0,170.0,4.0
561,MUNG KHOSTA 1 KG,155.0,170.0,44.0
562,MUNG KHOSTA 1 KG,155.0,180.0,13.0
563,MUNG KHOSTA 1 KG,155.0,195.0,13.0
564,MUNG KHOSTA 1 KG,185.0,165.0,7.0
565,MUNG KHOSTA 1 KG,185.0,210.0,18.0
566,MUNG KHOSTA 1 KG,186.0,180.0,1.0
567,MUNG KHOSTA 1 KG,186.0,210.0,14.0
568,HARPIC POWER 500ML ORIGINAL,119.3,142.0,70.0
569,HARPIC POWER 500ML ORIGINAL,121.25,125.0,2.0
570,HARPIC POWER 500ML ORIGINAL,121.25,133.0,39.0
571,HARPIC POWER 500ML ORIGINAL,121.25,134.0,1.0
572,HARPIC POWER 500ML ORIGINAL,122.59,134.0,47.0
573,HARPIC POWER 500ML ORIGINAL,124.0,136.0,21.0
574,HARPIC POWER 500ML ORIGINAL,125.58,138.0,40.0
575,HARPIC POWER 500ML ORIGINAL,126.32,140.0,24.0
576,HARPIC POWER 500ML ORIGINAL,128.51,141.0,21.0
577,SHIN RAMYUN 360GM HOT CHICKEN FLV RAMEN FAMILY PKT,569.52,650.0,34.0
578,SHIN RAMYUN 360GM HOT CHICKEN FLV RAMEN FAMILY PKT,602.06,630.0,1.0
579,SHIN RAMYUN 360GM HOT CHICKEN FLV RAMEN FAMILY PKT,602.06,665.0,15.0
580,SHIN RAMYUN 360GM HOT CHICKEN FLV RAMEN FAMILY PKT,650.88,725.0,2.0
581,SHIN RAMYUN 360GM HOT CHICKEN FLV RAMEN FAMILY PKT,650.88,775.0,18.0
582,SHIN RAMYUN 360GM HOT CHICKEN FLV RAMEN FAMILY PKT,650.88,800.0,1.0
583,SHIN RAMYUN 360GM HOT CHICKEN FLV RAMEN FAMILY PKT,717.55,770.0,17.0
584,SHIN RAMYUN 360GM HOT CHICKEN FLV RAMEN FAMILY PKT,717.55,800.0,1.0
585,SHIN RAMYUN 360GM HOT CHICKEN FLV RAMEN FAMILY PKT,727.27,800.0,1.0
586,SHIN RAMYUN 360GM HOT CHICKEN FLV RAMEN FAMILY PKT,728.91,805.0,17.0
587,MUSURO DAL 1KG NEPALI,112.0,140.0,3.0
588,MUSURO DAL 1KG NEPALI,112.0,155.0,6.0
589,MUSURO DAL 1KG NEPALI,112.0,160.0,1.0
590,MUSURO DAL 1KG NEPALI,125.0,125.0,1.0
591,MUSURO DAL 1KG NEPALI,125.0,150.0,1.0
592,MUSURO DAL 1KG NEPALI,125.0,155.0,27.0
593,MUSURO DAL 1KG NEPALI,127.0,140.0,137.0
594,MUSURO DAL 1KG NEPALI,127.0,145.0,2.0
595,MUSURO DAL 1KG NEPALI,135.0,155.0,7.0
596,MUSURO DAL 1KG NEPALI,172.72,185.0,2.0
597,MUSURO DAL 1KG NEPALI,172.72,190.0,12.0
598,HORLICKS ORIGINAL 500GM JAR,350.66,385.0,1.0
599,HORLICKS ORIGINAL 500GM JAR,352.55,380.0,6.0
600,HORLICKS ORIGINAL 500GM JAR,354.26,395.0,9.0
601,HORLICKS ORIGINAL 500GM JAR,355.0,383.0,7.0
602,HORLICKS ORIGINAL 500GM JAR,355.0,400.0,1.0
603,HORLICKS ORIGINAL 500GM JAR,358.02,390.0,12.0
604,HORLICKS ORIGINAL 500GM JAR,361.59,400.0,20.0
605,HORLICKS ORIGINAL 500GM JAR,361.79,396.0,27.0
606,HORLICKS ORIGINAL 500GM JAR,361.79,400.0,1.0
607,HORLICKS ORIGINAL 500GM JAR,363.41,395.0,23.0
608,HORLICKS ORIGINAL 500GM JAR,363.96,395.0,22.0
609,HORLICKS ORIGINAL 500GM JAR,364.0,380.0,41.0
610,HORLICKS ORIGINAL 500GM JAR,364.0,395.0,43.0
611,HORLICKS ORIGINAL 500GM JAR,364.22,400.0,19.0
612,HORLICKS ORIGINAL 500GM JAR,369.13,400.0,4.0
613,HORLICKS ORIGINAL 500GM JAR,371.01,400.0,5.0
614,CERELAC 2 TO 5 YEARS CEREGROW,436.41,470.0,4.0
615,CERELAC 2 TO 5 YEARS CEREGROW,445.46,480.0,11.0
616,CERELAC 2 TO 5 YEARS CEREGROW,465.46,505.0,28.0
617,CERELAC 2 TO 5 YEARS CEREGROW,478.18,516.0,16.0
618,CERELAC 2 TO 5 YEARS CEREGROW,478.18,520.0,6.0
619,CERELAC 2 TO 5 YEARS CEREGROW,480.0,518.0,13.0
620,CERELAC 2 TO 5 YEARS CEREGROW,492.73,532.0,16.0
621,DALDA GHEE 1KG AMRIT,134.99,140.0,3.0
622,DALDA GHEE 1KG AMRIT,177.0,185.0,83.0
623,DALDA GHEE 1KG AMRIT,177.0,195.0,6.0
624,DALDA GHEE 1KG AMRIT,184.0,200.0,3.0
625,DALDA GHEE 1KG AMRIT,184.0,210.0,2.0
626,DALDA GHEE 1KG AMRIT,190.0,200.0,173.0
627,DALDA GHEE 1KG AMRIT,199.0,210.0,45.0
628,DALDA GHEE 1KG AMRIT,200.0,210.0,115.0
629,DALDA GHEE 1KG AMRIT,320.0,330.0,3.0
630,DALDA GHEE 1KG AMRIT,330.01,340.0,13.0
631,MUSURO DAL 1KG INDIAN,93.0,105.0,3.0
632,MUSURO DAL 1KG INDIAN,93.0,130.0,14.0
633,MUSURO DAL 1KG INDIAN,110.0,130.0,53.0
634,MUSURO DAL 1KG INDIAN,111.0,130.0,78.0
635,MUSURO DAL 1KG INDIAN,113.0,150.0,2.0
636,MUSURO DAL 1KG INDIAN,120.0,140.0,13.0
637,MUSURO DAL 1KG INDIAN,125.0,140.0,14.0
638,MUSURO DAL 1KG INDIAN,125.0,150.0,52.0
639,MUSURO DAL 1KG INDIAN,125.0,165.0,2.0
640,MUSURO DAL 1KG INDIAN,139.0,165.0,29.0
641,MUSURO DAL 1KG INDIAN,146.0,165.0,30.0
642,MUSURO DAL 1KG INDIAN,163.63,180.0,10.0
643,MUSURO DAL 1KG INDIAN,168.18,185.0,10.0
644,PRAWN CRACKERS 110GM ORIGINAL RED TIN,200.0,250.0,16.0
645,PRAWN CRACKERS 110GM ORIGINAL RED TIN,220.0,315.0,2.0
646,PRAWN CRACKERS 110GM ORIGINAL RED TIN,225.0,270.0,1.0
647,PRAWN CRACKERS 110GM ORIGINAL RED TIN,225.0,350.0,12.0
648,PRAWN CRACKERS 110GM ORIGINAL RED TIN,230.0,350.0,9.0
649,PRAWN CRACKERS 110GM ORIGINAL RED TIN,319.2,350.0,31.0
650,PRAWN CRACKERS 110GM ORIGINAL RED TIN,343.66,334.513274336283,1.0
651,PRAWN CRACKERS 110GM ORIGINAL RED TIN,343.66,378.0,18.0
652,PRAWN CRACKERS 110GM ORIGINAL RED TIN,378.46,416.0,4.0
653,JELLY 118GM X 6 CUPS MIX,255.0,295.0,1.0
654,JELLY 118GM X 6 CUPS MIX,255.0,320.0,1.0
655,JELLY 118GM X 6 CUPS MIX,255.38,305.0,5.0
656,JELLY 118GM X 6 CUPS MIX,278.3,312.0,10.0
657,JELLY 118GM X 6 CUPS MIX,278.3,320.0,9.0
658,JELLY 118GM X 6 CUPS MIX,287.51,287.610619469027,2.0
659,JELLY 118GM X 6 CUPS MIX,287.51,316.0,2.0
660,JELLY 118GM X 6 CUPS MIX,287.51,325.0,6.0
661,DIGESTIVE 500GM BISCUIT ,165.83,180.0,104.0
662,DIGESTIVE 500GM BISCUIT ,165.83,190.0,5.0
663,DIGESTIVE 500GM BISCUIT ,169.27,185.0,22.0
664,DIGESTIVE 500GM BISCUIT ,172.73,190.0,6.0
665,DIGESTIVE 500GM BISCUIT ,178.18,194.0,53.0
666,DIGESTIVE 500GM BISCUIT ,178.18,195.0,69.0
667,DIGESTIVE 500GM BISCUIT ,187.09,205.0,21.0
668,DIGESTIVE 500GM BISCUIT ,190.91,210.0,45.0
669,REAL GUAVA 1LTR FRUIT POWER,214.9,235.0,12.0
670,REAL GUAVA 1LTR FRUIT POWER,218.27,220.0,2.0
671,REAL GUAVA 1LTR FRUIT POWER,218.27,240.0,77.0
672,REAL GUAVA 1LTR FRUIT POWER,222.72,240.0,3.0
673,REAL GUAVA 1LTR FRUIT POWER,222.73,240.0,27.0
674,REAL GUAVA 1LTR FRUIT POWER,222.73,245.0,11.0
675,REAL GUAVA 1LTR FRUIT POWER,227.19,250.0,44.0
676,REAL GUAVA 1LTR FRUIT POWER,232.49,260.0,5.0
677,REAL GUAVA 1LTR FRUIT POWER,236.09,230.088495575221,1.0
678,REAL GUAVA 1LTR FRUIT POWER,236.09,260.0,19.0
679,REAL GUAVA 1LTR FRUIT POWER,240.9,260.0,6.0
680,GATORADE 515 ML BLUE BLAST,200.0,220.0,34.0
681,GATORADE 515 ML BLUE BLAST,200.0,250.0,2.0
682,GATORADE 515 ML BLUE BLAST,240.0,265.0,43.0
683,GATORADE 515 ML BLUE BLAST,240.0,275.0,9.0
684,GATORADE 515 ML BLUE BLAST,250.0,275.0,44.0
685,GATORADE 515 ML BLUE BLAST,250.0,280.0,6.0
686,GATORADE 515 ML BLUE BLAST,250.0,295.0,2.0
687,GATORADE 515 ML BLUE BLAST,265.0,261.061946902655,1.0
688,GATORADE 515 ML BLUE BLAST,265.0,295.0,12.0
689,GATORADE 515 ML BLUE BLAST,266.14,295.0,24.0
690,DIGESTIVE 250GM BISCUIT ,82.91,90.0,136.0
691,DIGESTIVE 250GM BISCUIT ,82.91,95.0,8.0
692,DIGESTIVE 250GM BISCUIT ,85.83,95.0,2.0
693,DIGESTIVE 250GM BISCUIT ,86.37,95.0,15.0
694,DIGESTIVE 250GM BISCUIT ,89.09,88.495575221239,3.0
695,DIGESTIVE 250GM BISCUIT ,89.09,100.0,136.0
696,DIGESTIVE 250GM BISCUIT ,98.0,110.0,24.0
697,DIGESTIVE 250GM BISCUIT ,105.81,115.0,4.0
698,DIGESTIVE 250GM BISCUIT ,109.09,120.0,7.0
699,PINEAPPLE CRISP BISCUITS 450 GM,261.91,288.0,7.0
700,PINEAPPLE CRISP BISCUITS 450 GM,280.29,310.0,18.0
701,PINEAPPLE CRISP BISCUITS 450 GM,286.0,315.0,22.0
702,PINEAPPLE CRISP BISCUITS 450 GM,291.0,320.0,27.0
703,PINEAPPLE CRISP BISCUITS 450 GM,299.0,296.46017699115,1.0
704,PINEAPPLE CRISP BISCUITS 450 GM,299.0,329.0,9.0
705,PINEAPPLE CRISP BISCUITS 450 GM,299.0,335.0,12.0
706,SAGUN MUSTARD OIL 1 LTR,205.0,240.0,14.0
707,SAGUN MUSTARD OIL 1 LTR,240.0,280.0,5.0
708,SAGUN MUSTARD OIL 1 LTR,280.0,335.0,9.0
709,SAGUN MUSTARD OIL 1 LTR,280.0,360.0,6.0
710,SAGUN MUSTARD OIL 1 LTR,280.0,361.0,1.0
711,SAGUN MUSTARD OIL 1 LTR,280.0,370.0,4.0
712,SAGUN MUSTARD OIL 1 LTR,370.0,410.0,3.0
713,DIDIAN DANISH STYLE COOKIES 480GM,234.78,245.0,2.0
714,DIDIAN DANISH STYLE COOKIES 480GM,234.78,258.0,11.0
715,DIDIAN DANISH STYLE COOKIES 480GM,235.0,245.0,20.0
716,DIDIAN DANISH STYLE COOKIES 480GM,262.0,325.0,2.0
717,DIDIAN DANISH STYLE COOKIES 480GM,262.63,285.0,82.0
718,DIDIAN DANISH STYLE COOKIES 480GM,269.0,285.0,86.0
719,DIDIAN DANISH STYLE COOKIES 480GM,269.0,293.0,3.0
720,DIDIAN DANISH STYLE COOKIES 480GM,299.99,325.0,44.0
721,DIDIAN DANISH STYLE COOKIES 480GM,311.15,342.0,9.0
722,DIDIAN DANISH STYLE COOKIES 480GM,346.99,382.0,7.0
723,SAFOLA GOLD 5 LTR,1238.13,1340.0,7.0
724,SAFOLA GOLD 5 LTR,1268.67,1370.0,13.0
725,SAFOLA GOLD 5 LTR,1781.69,1960.0,7.0
726,SAFOLA GOLD 5 LTR,1781.82,1960.0,12.0
727,SAFOLA GOLD 5 LTR,1981.93,1929.20353982301,1.0
728,SAFOLA GOLD 5 LTR,1981.93,2180.0,3.0
729,SAFOLA GOLD 5 LTR,2074.74,2282.0,4.0
730,SAFOLA GOLD 5 LTR,2074.77,2240.0,1.0
731,SSM DATE 200 GM,30.0,45.0,23.0
732,SSM DATE 200 GM,30.0,55.0,3.0
733,SSM DATE 200 GM,32.0,45.0,133.0
734,SSM DATE 200 GM,32.0,50.0,1.0
735,SSM DATE 200 GM,33.0,45.0,12.0
736,SSM DATE 200 GM,34.0,45.0,30.0
737,SSM DATE 200 GM,34.0,55.0,1.0
738,SSM DATE 200 GM,34.0,70.0,1.0
739,SSM DATE 200 GM,36.0,45.0,11.0
740,SSM DATE 200 GM,37.08,45.0,15.0
741,SSM DATE 200 GM,50.0,53.0973451327434,2.0
742,SSM DATE 200 GM,50.0,60.0,44.0
743,SSM DATE 200 GM,52.66,53.0973451327434,12.0
744,SSM DATE 200 GM,52.66,60.0,57.0
745,SSM DATE 200 GM,56.0,70.0,14.0
746,SSM DATE 200 GM,59.0,60.0,1.0
747,SSM DATE 200 GM,59.0,80.0,12.0
748,SSM DATE 200 GM,64.0,80.0,6.0
749,REAL MANGO 1LTR FRUIT POWER,205.95,225.0,13.0
750,REAL MANGO 1LTR FRUIT POWER,209.37,230.0,36.0
751,REAL MANGO 1LTR FRUIT POWER,213.64,230.0,91.0
752,REAL MANGO 1LTR FRUIT POWER,213.64,235.0,5.0
753,REAL MANGO 1LTR FRUIT POWER,218.27,212.389380530973,3.0
754,REAL MANGO 1LTR FRUIT POWER,218.27,240.0,29.0
755,REAL MANGO 1LTR FRUIT POWER,222.72,245.0,13.0
756,REAL MANGO 1LTR FRUIT POWER,222.73,240.0,23.0
757,REAL MANGO 1LTR FRUIT POWER,227.19,250.0,33.0
758,REAL MANGO 1LTR FRUIT POWER,231.82,250.0,18.0
759,FUSION CART 4 PCS,1088.87,1188.0,1.0
760,FUSION CART 4 PCS,1088.87,1200.0,1.0
761,FUSION CART 4 PCS,1088.87,1209.0,5.0
762,FUSION CART 4 PCS,1088.87,1220.0,10.0
763,FUSION CART 4 PCS,1165.0,1188.0,1.0
764,FUSION CART 4 PCS,1197.83,1320.0,9.0
765,FUSION CART 4 PCS,1197.83,1340.0,8.0
766,FUSION CART 4 PCS,1206.51,1327.0,6.0
767,HARPIC POWER PLUS 900 ML ORIGINAL,219.64,239.0,19.0
768,HARPIC POWER PLUS 900 ML ORIGINAL,221.08,256.0,56.0
769,HARPIC POWER PLUS 900 ML ORIGINAL,232.72,254.0,12.0
770,HARPIC POWER PLUS 900 ML ORIGINAL,238.05,231.858407079646,2.0
771,HARPIC POWER PLUS 900 ML ORIGINAL,238.05,262.0,23.0
772,HARPIC POWER PLUS 900 ML ORIGINAL,242.9,234.513274336283,1.0
773,HARPIC POWER PLUS 900 ML ORIGINAL,242.9,265.0,13.0
774,REAL MIXED FRUIT 1LTR FRUIT POWER,197.37,240.0,35.0
775,REAL MIXED FRUIT 1LTR FRUIT POWER,217.13,240.0,12.0
776,REAL MIXED FRUIT 1LTR FRUIT POWER,218.28,220.0,6.0
777,REAL MIXED FRUIT 1LTR FRUIT POWER,218.28,240.0,105.0
778,REAL MIXED FRUIT 1LTR FRUIT POWER,218.28,245.0,5.0
779,REAL MIXED FRUIT 1LTR FRUIT POWER,222.73,240.0,60.0
780,REAL MIXED FRUIT 1LTR FRUIT POWER,227.19,221.238938053097,4.0
781,REAL MIXED FRUIT 1LTR FRUIT POWER,227.19,250.0,58.0
782,REAL MIXED FRUIT 1LTR FRUIT POWER,227.19,260.0,2.0
783,REAL MIXED FRUIT 1LTR FRUIT POWER,232.48,260.0,16.0
784,REAL MIXED FRUIT 1LTR FRUIT POWER,236.09,230.088495575221,3.0
785,REAL MIXED FRUIT 1LTR FRUIT POWER,236.09,260.0,16.0
786,REAL MIXED FRUIT 1LTR FRUIT POWER,240.9,260.0,14.0
787,COKE/FANTA/SPRITE 2.25LTR,176.4,200.0,141.0
788,COKE/FANTA/SPRITE 2.25LTR,196.0,200.0,311.0
789,COKE/FANTA/SPRITE 2.25LTR,210.0,190.265486725664,14.0
790,COKE/FANTA/SPRITE 2.25LTR,210.0,215.0,469.0
791,COKE/FANTA/SPRITE 2.25LTR,210.0,230.0,5.0
792,COKE/FANTA/SPRITE 2.25LTR,210.0,240.0,27.0
793,COKE/FANTA/SPRITE 2.25LTR,210.0,250.0,1.0
794,COKE/FANTA/SPRITE 2.25LTR,245.0,255.0,3.0
795,SUNFLOW 500ML SUN FLOWER OIL PKT,82.5,85.0,18.0
796,SUNFLOW 500ML SUN FLOWER OIL PKT,82.5,95.0,15.0
797,SUNFLOW 500ML SUN FLOWER OIL PKT,82.5,110.0,2.0
798,SUNFLOW 500ML SUN FLOWER OIL PKT,82.5,115.0,52.0
799,SUNFLOW 500ML SUN FLOWER OIL PKT,125.0,130.0,68.0
800,SUNFLOW 500ML SUN FLOWER OIL PKT,125.0,135.0,6.0
801,SUNFLOW 500ML SUN FLOWER OIL PKT,125.0,140.0,20.0
802,KELLOGGS EXTRA MUESLI 550GM CRUNCHY FRUIT & NUT,424.38,480.0,2.0
803,KELLOGGS EXTRA MUESLI 550GM CRUNCHY FRUIT & NUT,459.02,505.0,4.0
804,KELLOGGS EXTRA MUESLI 550GM CRUNCHY FRUIT & NUT,459.02,515.0,21.0
805,KELLOGGS EXTRA MUESLI 550GM CRUNCHY FRUIT & NUT,463.74,451.327433628319,2.0
806,KELLOGGS EXTRA MUESLI 550GM CRUNCHY FRUIT & NUT,463.74,510.0,10.0
807,KELLOGGS EXTRA MUESLI 550GM CRUNCHY FRUIT & NUT,463.74,520.0,14.0
808,KELLOGGS EXTRA MUESLI 550GM CRUNCHY FRUIT & NUT,473.21,511.0,10.0
809,OYSTER SAUCE  600ML MAEKRUA,320.0,370.0,13.0
810,OYSTER SAUCE  600ML MAEKRUA,320.0,415.0,1.0
811,OYSTER SAUCE  600ML MAEKRUA,360.0,415.0,3.0
812,OYSTER SAUCE  600ML MAEKRUA,375.0,412.0,9.0
813,OYSTER SAUCE  600ML MAEKRUA,390.0,429.0,12.0
814,OYSTER SAUCE  600ML MAEKRUA,440.0,493.0,8.0
815,OYSTER SAUCE  600ML MAEKRUA,490.0,539.0,11.0
816,OYSTER SAUCE  600ML MAEKRUA,490.0,550.0,10.0
817,MAKAI POPCORN 1KG ,95.0,115.0,49.0
818,MAKAI POPCORN 1KG ,95.0,120.0,24.0
819,MAKAI POPCORN 1KG ,98.0,120.0,25.0
820,MAKAI POPCORN 1KG ,98.0,155.0,1.0
821,MAKAI POPCORN 1KG ,100.0,115.0,64.0
822,MAKAI POPCORN 1KG ,105.0,115.0,1.0
823,MAKAI POPCORN 1KG ,105.0,120.0,23.0
824,MAKAI POPCORN 1KG ,110.0,125.0,23.0
825,MAKAI POPCORN 1KG ,127.27,135.0,8.0
826,MAKAI POPCORN 1KG ,127.27,140.0,21.0
827,MAKAI POPCORN 1KG ,136.36,145.0,10.0
828,MAKAI POPCORN 1KG ,140.0,155.0,13.0
829,NIVEA SOFT CREAM 200ML,307.12,385.0,13.0
830,NIVEA SOFT CREAM 200ML,315.0,345.0,6.0
831,NIVEA SOFT CREAM 200ML,332.14,382.0,23.0
832,NIVEA SOFT CREAM 200ML,339.29,390.0,11.0
833,NIVEA SOFT CREAM 200ML,342.84,384.0,10.0
834,NIVEA SOFT CREAM 200ML,342.84,385.0,12.0
835,NIVEA SOFT CREAM 200ML,349.98,392.0,6.0
836,NIVEA SOFT CREAM 200ML,407.15,475.0,2.0
837,EVEREST KASHMIRILAL CHILLI PWR. 100GM ,92.0,105.0,26.0
838,EVEREST KASHMIRILAL CHILLI PWR. 100GM ,95.0,110.0,23.0
839,EVEREST KASHMIRILAL CHILLI PWR. 100GM ,98.0,110.0,19.0
840,EVEREST KASHMIRILAL CHILLI PWR. 100GM ,110.01,125.0,35.0
841,EVEREST KASHMIRILAL CHILLI PWR. 100GM ,110.01,140.0,12.0
842,EVEREST KASHMIRILAL CHILLI PWR. 100GM ,143.5,165.0,24.0
843,EVEREST KASHMIRILAL CHILLI PWR. 100GM ,145.0,165.0,22.0
844,EVEREST KASHMIRILAL CHILLI PWR. 100GM ,147.83,170.0,58.0
845,EVEREST KASHMIRILAL CHILLI PWR. 100GM ,153.39,165.0,6.0
846,EVEREST KASHMIRILAL CHILLI PWR. 100GM ,153.39,172.0,35.0
847,LIZOL DFC 975ML CITRUS,257.76,284.0,4.0
848,LIZOL DFC 975ML CITRUS,259.79,285.0,6.0
849,LIZOL DFC 975ML CITRUS,260.36,284.0,3.0
850,LIZOL DFC 975ML CITRUS,260.36,285.0,11.0
851,LIZOL DFC 975ML CITRUS,267.99,295.0,4.0
852,LIZOL DFC 975ML CITRUS,273.46,263.716814159292,2.0
853,LIZOL DFC 975ML CITRUS,273.46,298.0,12.0
854,LIZOL DFC 975ML CITRUS,279.38,271.681415929204,1.0
855,LIZOL DFC 975ML CITRUS,279.38,307.0,3.0
856,MASK DISPOSABLE BOX,110.0,200.0,24.0
857,MASK DISPOSABLE BOX,180.0,280.0,5.0
858,MASK DISPOSABLE BOX,190.07,280.0,1.0
859,MASK DISPOSABLE BOX,200.0,245.0,46.0
860,MASK DISPOSABLE BOX,200.0,350.0,11.0
861,MASK DISPOSABLE BOX,320.0,330.0,1.0
862,MASK DISPOSABLE BOX,320.0,450.0,5.0
863,MASK DISPOSABLE BOX,332.5,450.0,15.0
864,MASK DISPOSABLE BOX,400.0,450.0,2.0
865,MASK DISPOSABLE BOX,400.0,485.0,5.0
866,U.S MAYONNAISE 30 FL.OZ 887ML,550.0,630.0,4.0
867,U.S MAYONNAISE 30 FL.OZ 887ML,560.0,615.0,4.0
868,U.S MAYONNAISE 30 FL.OZ 887ML,560.0,630.0,16.0
869,U.S MAYONNAISE 30 FL.OZ 887ML,560.0,640.0,5.0
870,U.S MAYONNAISE 30 FL.OZ 887ML,560.0,645.0,21.0
871,U.S MAYONNAISE 30 FL.OZ 887ML,689.3,772.0,6.0
872,U.S MAYONNAISE 30 FL.OZ 887ML,690.0,659.29203539823,1.0
873,U.S MAYONNAISE 30 FL.OZ 887ML,690.0,745.0,10.0
874,SHIN RAMYUN HOT & SPICY 360GM NO MSG FAMILY PKT,406.8,500.0,64.0
875,SHIN RAMYUN HOT & SPICY 360GM NO MSG FAMILY PKT,450.0,500.0,65.0
876,SHIN RAMYUN HOT & SPICY 360GM NO MSG FAMILY PKT,482.74,530.0,11.0
877,SHIN RAMYUN HOT & SPICY 360GM NO MSG FAMILY PKT,502.85,530.0,38.0
878,SHIN RAMYUN HOT & SPICY 360GM NO MSG FAMILY PKT,515.28,595.0,51.0
879,SHIN RAMYUN HOT & SPICY 360GM NO MSG FAMILY PKT,515.28,600.0,13.0
880,SHIN RAMYUN HOT & SPICY 360GM NO MSG FAMILY PKT,515.28,620.0,8.0
881,SHIN RAMYUN HOT & SPICY 360GM NO MSG FAMILY PKT,537.09,522.12389380531,1.0
882,SHIN RAMYUN HOT & SPICY 360GM NO MSG FAMILY PKT,537.09,590.0,75.0
883,SHIN RAMYUN HOT & SPICY 360GM NO MSG FAMILY PKT,553.7,600.0,22.0
884,MOONG DAL 360GM,210.7,211.0,1.0
885,MOONG DAL 360GM,210.7,232.0,28.0
886,MOONG DAL 360GM,210.7,234.0,5.0
887,MOONG DAL 360GM,214.99,234.0,5.0
888,MOONG DAL 360GM,214.99,235.0,4.0
889,MOONG DAL 360GM,215.01,234.0,22.0
890,MOONG DAL 360GM,215.01,237.0,14.0
891,MOONG DAL 360GM,215.6,209.734513274336,1.0
892,MOONG DAL 360GM,215.6,237.0,67.0
893,MOONG DAL 360GM,226.37,237.0,2.0
894,MOONG DAL 360GM,226.37,249.0,19.0
895,SHIN RAMYUN 120GM 2X SPICY HOT CHICKEN,108.48,125.0,30.0
896,SHIN RAMYUN 120GM 2X SPICY HOT CHICKEN,119.33,140.0,60.0
897,SHIN RAMYUN 120GM 2X SPICY HOT CHICKEN,119.33,155.0,27.0
898,SHIN RAMYUN 120GM 2X SPICY HOT CHICKEN,124.75,145.0,24.0
899,SHIN RAMYUN 120GM 2X SPICY HOT CHICKEN,130.18,155.0,21.0
900,SHIN RAMYUN 120GM 2X SPICY HOT CHICKEN,143.51,155.0,49.0
901,SHIN RAMYUN 120GM 2X SPICY HOT CHICKEN,147.97,146.017699115044,2.0
902,SHIN RAMYUN 120GM 2X SPICY HOT CHICKEN,147.97,160.0,55.0
903,SHIN RAMYUN 120GM 2X SPICY HOT CHICKEN,147.97,165.0,57.0
904,SHIN RAMYUN 120GM 2X SPICY HOT CHICKEN,150.29,165.0,31.0
905,BLACK LABEL 1LTR,6993.64,7833.0,1.0
906,BLACK LABEL 1LTR,7029.32,7100.0,11.0
907,BLACK LABEL 1LTR,7029.32,7850.0,7.0
908,BLACK LABEL 1LTR,7029.32,7870.0,1.0
909,BLACK LABEL 1LTR,7297.96,6902.65,15.0
910,BLACK LABEL 1LTR,7297.96,7800.0,1.0
911,BLACK LABEL 1LTR,7297.96,8028.0,2.0
912,8848 VODKA 750ML,1501.67,1625.0,10.0
913,8848 VODKA 750ML,1501.67,1650.0,1.0
914,8848 VODKA 750ML,1546.83,1675.0,39.0
915,8848 VODKA 750ML,1546.83,1700.0,2.0
916,8848 VODKA 750ML,1699.99,1835.0,19.0
917,8848 VODKA 750ML,1715.83,1637.16814159292,6.0
918,8848 VODKA 750ML,1715.83,1850.0,12.0
919,KWATI 1KG,115.0,120.0,4.0
920,KWATI 1KG,115.0,130.0,6.0
921,KWATI 1KG,115.0,145.0,27.0
922,KWATI 1KG,115.0,150.0,6.0
923,KWATI 1KG,115.0,160.0,1.0
924,KWATI 1KG,115.0,175.0,26.0
925,KWATI 1KG,154.54,170.0,24.0
926,SHIN RAMYUN HOT & SPICY 120GM NO MSG 1PKT,85.0,105.0,36.0
927,SHIN RAMYUN HOT & SPICY 120GM NO MSG 1PKT,86.78,110.0,68.0
928,SHIN RAMYUN HOT & SPICY 120GM NO MSG 1PKT,90.0,110.0,268.0
929,SHIN RAMYUN HOT & SPICY 120GM NO MSG 1PKT,96.55,106.0,139.0
930,SHIN RAMYUN HOT & SPICY 120GM NO MSG 1PKT,101.02,120.0,60.0
931,SHIN RAMYUN HOT & SPICY 120GM NO MSG 1PKT,103.06,120.0,17.0
932,SHIN RAMYUN HOT & SPICY 120GM NO MSG 1PKT,104.13,115.0,46.0
933,SHIN RAMYUN HOT & SPICY 120GM NO MSG 1PKT,106.31,125.0,12.0
934,SHIN RAMYUN HOT & SPICY 120GM NO MSG 1PKT,107.42,118.0,191.0
935,SHIN RAMYUN HOT & SPICY 120GM NO MSG 1PKT,110.74,125.0,55.0
936,KELLOGGS MUESLI 1 KG CRUNCHY FRUIT & NUT,840.09,950.0,2.0
937,KELLOGGS MUESLI 1 KG CRUNCHY FRUIT & NUT,918.02,1030.0,2.0
938,KELLOGGS MUESLI 1 KG CRUNCHY FRUIT & NUT,918.03,1010.0,5.0
939,KELLOGGS MUESLI 1 KG CRUNCHY FRUIT & NUT,918.03,1030.0,8.0
940,KELLOGGS MUESLI 1 KG CRUNCHY FRUIT & NUT,918.05,1030.0,11.0
941,KELLOGGS MUESLI 1 KG CRUNCHY FRUIT & NUT,927.49,1030.0,16.0
942,KELLOGGS MUESLI 1 KG CRUNCHY FRUIT & NUT,927.5,893.805309734513,1.0
943,KELLOGGS MUESLI 1 KG CRUNCHY FRUIT & NUT,927.5,902.654867256637,1.0
944,KELLOGGS MUESLI 1 KG CRUNCHY FRUIT & NUT,927.5,1010.0,7.0
945,KELLOGGS MUESLI 1 KG CRUNCHY FRUIT & NUT,927.5,1020.0,7.0
946,KELLOGGS MUESLI 1 KG CRUNCHY FRUIT & NUT,946.43,1050.0,6.0
947,BREAD CRUMBS 500GM,200.0,240.0,9.0
948,BREAD CRUMBS 500GM,205.0,235.0,17.0
949,BREAD CRUMBS 500GM,205.0,259.0,6.0
950,BREAD CRUMBS 500GM,205.0,260.0,1.0
951,BREAD CRUMBS 500GM,225.0,260.0,6.0
952,BREAD CRUMBS 500GM,230.0,265.0,6.0
953,BREAD CRUMBS 500GM,265.0,305.0,3.0
954,BREAD CRUMBS 500GM,275.0,315.0,4.0
955,KEROU GREEN 1KG,95.0,115.0,15.0
956,KEROU GREEN 1KG,100.0,115.0,20.0
957,KEROU GREEN 1KG,100.0,125.0,5.0
958,KEROU GREEN 1KG,112.0,150.0,28.0
959,KEROU GREEN 1KG,125.0,126.0,1.0
960,KEROU GREEN 1KG,125.0,135.0,6.0
961,KEROU GREEN 1KG,125.0,140.0,13.0
962,KEROU GREEN 1KG,132.0,150.0,16.0
963,KEROU GREEN 1KG,135.0,150.0,14.0
964,KEROU GREEN 1KG,150.0,165.0,13.0
965,SSM ALMOND 100 GM,95.0,120.0,68.0
966,SSM ALMOND 100 GM,96.0,120.0,13.0
967,SSM ALMOND 100 GM,96.0,125.0,2.0
968,SSM ALMOND 100 GM,97.5,110.0,7.0
969,SSM ALMOND 100 GM,97.5,120.0,48.0
970,SSM ALMOND 100 GM,97.5,130.0,14.0
971,SSM ALMOND 100 GM,99.0,120.0,1.0
972,SSM ALMOND 100 GM,99.0,125.0,18.0
973,SSM ALMOND 100 GM,100.0,125.0,15.0
974,SSM ALMOND 100 GM,102.5,120.0,34.0
975,SSM ALMOND 100 GM,105.0,125.0,12.0
976,SSM ALMOND 100 GM,110.0,125.0,25.0
977,SSM ALMOND 100 GM,110.0,145.0,104.0
978,SSM ALMOND 100 GM,112.5,120.0,2.0
979,SSM ALMOND 100 GM,112.5,135.0,81.0
980,SSM ALMOND 100 GM,113.0,125.0,1.0
981,SSM ALMOND 100 GM,115.0,138.0,25.0
982,COLGATE DENTAL CREAM 200GM STRONG TEETH,103.0,113.0,26.0
983,COLGATE DENTAL CREAM 200GM STRONG TEETH,103.0,115.0,38.0
984,COLGATE DENTAL CREAM 200GM STRONG TEETH,103.0,129.0,3.0
985,COLGATE DENTAL CREAM 200GM STRONG TEETH,115.82,127.0,12.0
986,COLGATE DENTAL CREAM 200GM STRONG TEETH,117.84,132.0,23.0
987,COLGATE DENTAL CREAM 200GM STRONG TEETH,117.99,128.0,11.0
988,COLGATE DENTAL CREAM 200GM STRONG TEETH,119.71,132.0,14.0
989,COLGATE DENTAL CREAM 200GM STRONG TEETH,120.29,132.0,23.0
990,BHUJIA 180GM,94.08,103.0,1.0
991,BHUJIA 180GM,96.05,106.0,30.0
992,BHUJIA 180GM,96.05,107.0,1.0
993,BHUJIA 180GM,96.05,108.0,1.0
994,BHUJIA 180GM,98.0,107.0,8.0
995,BHUJIA 180GM,98.0,108.0,45.0
996,BHUJIA 180GM,99.0,110.0,9.0
997,BHUJIA 180GM,112.69,124.0,4.0
998,LIZOL DFC 2LTR CITRUS FRAGRANCE,521.28,573.0,2.0
999,LIZOL DFC 2LTR CITRUS FRAGRANCE,521.28,574.0,3.0
1000,LIZOL DFC 2LTR CITRUS FRAGRANCE,526.55,574.0,5.0
1001,LIZOL DFC 2LTR CITRUS FRAGRANCE,526.55,575.0,11.0
1002,LIZOL DFC 2LTR CITRUS FRAGRANCE,541.67,596.0,1.0
1003,LIZOL DFC 2LTR CITRUS FRAGRANCE,552.72,602.0,3.0
1004,LIZOL DFC 2LTR CITRUS FRAGRANCE,569.47,626.0,4.0
1005,LIZOL DFC 2LTR LAVENDER,521.28,574.0,1.0
1006,LIZOL DFC 2LTR LAVENDER,526.55,574.0,3.0
1007,LIZOL DFC 2LTR LAVENDER,526.55,575.0,3.0
1008,LIZOL DFC 2LTR LAVENDER,541.68,596.0,3.0
1009,LIZOL DFC 2LTR LAVENDER,552.73,600.0,1.0
1010,LIZOL DFC 2LTR LAVENDER,568.76,626.0,5.0
1011,LIZOL DFC 2LTR LAVENDER,580.37,633.0,2.0
1012,CERELAC 1 WHEAT 300GM,310.0,340.0,2.0
1013,CERELAC 1 WHEAT 300GM,318.74,345.0,6.0
1014,CERELAC 1 WHEAT 300GM,318.74,350.0,4.0
1015,CERELAC 1 WHEAT 300GM,329.09,355.0,3.0
1016,CERELAC 1 WHEAT 300GM,329.09,360.0,5.0
1017,CERELAC 1 WHEAT 300GM,338.15,365.0,7.0
1018,JAM MIXED FRUIT 500GM DRUK,136.37,155.0,56.0
1019,JAM MIXED FRUIT 500GM DRUK,138.85,158.0,28.0
1020,JAM MIXED FRUIT 500GM DRUK,138.85,161.0,70.0
1021,JAM MIXED FRUIT 500GM DRUK,160.35,183.0,28.0
1022,JAM MIXED FRUIT 500GM DRUK,169.75,194.0,19.0
1023,JAM MIXED FRUIT 500GM DRUK,169.75,195.0,11.0
1024,NIVEA EXTRA WHITE CREAM 100ML RADIANT & SMOOTH,223.21,246.0,7.0
1025,NIVEA EXTRA WHITE CREAM 100ML RADIANT & SMOOTH,233.27,262.0,11.0
1026,NIVEA EXTRA WHITE CREAM 100ML RADIANT & SMOOTH,235.72,269.0,23.0
1027,NIVEA EXTRA WHITE CREAM 100ML RADIANT & SMOOTH,240.62,269.0,11.0
1028,NIVEA EXTRA WHITE CREAM 100ML RADIANT & SMOOTH,249.11,288.0,9.0
1029,NIVEA EXTRA WHITE CREAM 100ML RADIANT & SMOOTH,257.14,290.0,9.0
1030,NIVEA EXTRA WHITE CREAM 100ML RADIANT & SMOOTH,321.43,375.0,2.0
1031,COLGATE DENTAL CREAM 100 GM STRONG TEETH,50.0,55.0,11.0
1032,COLGATE DENTAL CREAM 100 GM STRONG TEETH,55.0,60.0,72.0
1033,COLGATE DENTAL CREAM 100 GM STRONG TEETH,62.36,69.0,25.0
1034,COLGATE DENTAL CREAM 100 GM STRONG TEETH,63.2,70.0,10.0
1035,COLGATE DENTAL CREAM 100 GM STRONG TEETH,65.46,72.0,19.0
1036,COLGATE DENTAL CREAM 100 GM STRONG TEETH,66.82,74.0,14.0
1037,MAGGI HOT & SWEET SAUCE 1KG,286.6,315.0,11.0
1038,MAGGI HOT & SWEET SAUCE 1KG,295.4,325.0,12.0
1039,MAGGI HOT & SWEET SAUCE 1KG,307.36,338.0,11.0
1040,MAGGI HOT & SWEET SAUCE 1KG,307.36,342.0,1.0
1041,MAGGI HOT & SWEET SAUCE 1KG,310.52,342.0,3.0
1042,MAGGI HOT & SWEET SAUCE 1KG,317.16,349.0,7.0
1043,MAGGI HOT & SWEET SAUCE 1KG,317.16,356.0,1.0
1044,CHANA 1KG AUSTR,86.0,100.0,34.0
1045,CHANA 1KG AUSTR,86.0,130.0,1.0
1046,CHANA 1KG AUSTR,92.0,100.0,6.0
1047,CHANA 1KG AUSTR,92.0,115.0,20.0
1048,CHANA 1KG AUSTR,94.0,115.0,15.0
1049,CHANA 1KG AUSTR,98.0,115.0,6.0
1050,CHANA 1KG AUSTR,100.0,115.0,27.0
1051,CHANA 1KG AUSTR,107.0,110.0,4.0
1052,CHANA 1KG AUSTR,107.0,115.0,42.0
1053,CHANA 1KG AUSTR,107.0,135.0,3.0
1054,CHANA 1KG AUSTR,107.0,150.0,22.0
1055,CHANA 1KG AUSTR,110.0,115.0,13.0
1056,CHANA 1KG AUSTR,110.0,130.0,53.0
1057,CHANA 1KG AUSTR,118.18,115.0,1.0
1058,CHANA 1KG AUSTR,118.18,130.0,13.0
1059,NESCAFE CLASSIC 100GM JAR COFFEE,424.88,467.0,2.0
1060,NESCAFE CLASSIC 100GM JAR COFFEE,424.88,472.0,1.0
1061,NESCAFE CLASSIC 100GM JAR COFFEE,424.88,495.0,1.0
1062,NESCAFE CLASSIC 100GM JAR COFFEE,450.0,486.0,8.0
1063,NESCAFE CLASSIC 100GM JAR COFFEE,466.36,441.592920353982,3.0
1064,NESCAFE CLASSIC 100GM JAR COFFEE,466.36,499.0,4.0
1065,COLIN ULTRA SHINE 500ML,124.28,142.0,9.0
1066,COLIN ULTRA SHINE 500ML,125.69,141.0,29.0
1067,COLIN ULTRA SHINE 500ML,128.5,145.0,62.0
1068,COLIN ULTRA SHINE 500ML,128.5,148.0,7.0
1069,COLIN ULTRA SHINE 500ML,129.46,141.0,21.0
1070,COLIN ULTRA SHINE 500ML,129.58,141.0,22.0
1071,COLIN ULTRA SHINE 500ML,132.57,128.318584070796,1.0
1072,COLIN ULTRA SHINE 500ML,132.57,145.0,29.0
1073,COLIN ULTRA SHINE 500ML,133.24,148.0,6.0
1074,COLIN ULTRA SHINE 500ML,135.27,149.0,52.0
1075,COLIN ULTRA SHINE 500ML,135.81,148.0,6.0
1076,NESCAFE GOLD 50GM JAR RICH AROMA COFFEE,385.42,376.106194690266,2.0
1077,NESCAFE GOLD 50GM JAR RICH AROMA COFFEE,385.42,425.0,102.0
1078,NESCAFE GOLD 50GM JAR RICH AROMA COFFEE,410.0,450.0,31.0
1079,NESCAFE GOLD 50GM JAR RICH AROMA COFFEE,410.0,460.0,22.0
1080,NESCAFE GOLD 50GM JAR RICH AROMA COFFEE,410.0,485.0,1.0
1081,NESCAFE GOLD 50GM JAR RICH AROMA COFFEE,431.67,475.0,9.0
1082,PRILL PERFECT DISH WASH LIME 2LTR,563.06,620.0,44.0
1083,PRILL PERFECT DISH WASH LIME 2LTR,580.0,630.0,5.0
1084,PRILL PERFECT DISH WASH LIME 2LTR,634.35,610.619469026549,1.0
1085,PRILL PERFECT DISH WASH LIME 2LTR,634.35,690.0,9.0
1086,PRILL PERFECT DISH WASH LIME 2LTR,634.35,698.0,18.0
1087,PRILL PERFECT DISH WASH LIME 2LTR,634.35,700.0,9.0
1088,NESCAFE CLASSIC 50GM PKT COFFEE,167.71,190.0,51.0
1089,NESCAFE CLASSIC 50GM PKT COFFEE,167.71,192.0,1.0
1090,NESCAFE CLASSIC 50GM PKT COFFEE,171.07,190.0,30.0
1091,NESCAFE CLASSIC 50GM PKT COFFEE,172.83,190.0,90.0
1092,NESCAFE CLASSIC 50GM PKT COFFEE,172.83,197.0,4.0
1093,NESCAFE CLASSIC 50GM PKT COFFEE,173.65,192.0,30.0
1094,NESCAFE CLASSIC 50GM PKT COFFEE,174.1,192.0,12.0
1095,NESCAFE CLASSIC 50GM PKT COFFEE,174.6,192.0,26.0
1096,NESCAFE CLASSIC 50GM PKT COFFEE,174.62,192.0,7.0
1097,NESCAFE CLASSIC 50GM PKT COFFEE,174.62,195.0,12.0
1098,NESCAFE CLASSIC 50GM PKT COFFEE,176.36,194.0,20.0
1099,NESCAFE CLASSIC 50GM PKT COFFEE,186.36,225.0,9.0
1100,SURYA LIGHTS 20HL,256.71,257.0,10.0
1101,SURYA LIGHTS 20HL,256.71,275.0,69.0
1102,SURYA LIGHTS 20HL,256.71,280.0,208.0
1103,SURYA LIGHTS 20HL,256.71,285.0,9.0
1104,SURYA LIGHTS 20HL,267.02,285.0,107.0
1105,SURYA LIGHTS 20HL,267.02,305.0,39.0
1106,SURYA LIGHTS 20HL,287.63,305.0,197.0
1107,SURYA LIGHTS 20HL,287.63,315.0,22.0
1108,SURYA LIGHTS 20HL,299.81,315.0,26.0
1109,NESCAFE CLASSIC 200GM JAR,800.15,850.0,10.0
1110,NESCAFE CLASSIC 200GM JAR,829.09,807.079646017699,1.0
1111,NESCAFE CLASSIC 200GM JAR,829.09,807.08,1.0
1112,NESCAFE CLASSIC 200GM JAR,829.09,880.0,5.0
1113,NESCAFE CLASSIC 200GM JAR,829.09,912.0,8.0
1114,NESCAFE CLASSIC 200GM JAR,829.19,895.0,4.0
1115,PROCESSED CHEESE 200GM 8 CHIPLETS,201.16,215.0,34.0
1116,PROCESSED CHEESE 200GM 8 CHIPLETS,201.16,220.0,129.0
1117,PROCESSED CHEESE 200GM 8 CHIPLETS,205.81,225.0,43.0
1118,PROCESSED CHEESE 200GM 8 CHIPLETS,205.81,240.0,1.0
1119,PROCESSED CHEESE 200GM 8 CHIPLETS,219.84,240.0,10.0
1120,PROCESSED CHEESE 200GM 8 CHIPLETS,224.52,245.0,57.0
1121,PROCESSED CHEESE 200GM 8 CHIPLETS,229.05,250.0,14.0
1122,SUNSILK SHAMPOO 700ML LUSCIOUSLY THICK & LONG,401.79,450.0,11.0
1123,SUNSILK SHAMPOO 700ML LUSCIOUSLY THICK & LONG,402.0,462.0,6.0
1124,SUNSILK SHAMPOO 700ML LUSCIOUSLY THICK & LONG,419.74,475.0,11.0
1125,SUNSILK SHAMPOO 700ML LUSCIOUSLY THICK & LONG,420.0,425.0,6.0
1126,SUNSILK SHAMPOO 700ML LUSCIOUSLY THICK & LONG,434.43,433.628318584071,1.0
1127,SUNSILK SHAMPOO 700ML LUSCIOUSLY THICK & LONG,434.43,490.0,11.0
1128,SUNSILK SHAMPOO 700 ML STUNNING BLACK SHINE,358.2,425.0,12.0
1129,SUNSILK SHAMPOO 700 ML STUNNING BLACK SHINE,401.79,450.0,11.0
1130,SUNSILK SHAMPOO 700 ML STUNNING BLACK SHINE,402.0,462.0,3.0
1131,SUNSILK SHAMPOO 700 ML STUNNING BLACK SHINE,419.74,475.0,11.0
1132,SUNSILK SHAMPOO 700 ML STUNNING BLACK SHINE,438.53,433.628318584071,1.0
1133,SUNSILK SHAMPOO 700 ML STUNNING BLACK SHINE,438.53,490.0,19.0
1134,CREAM CRACKER 350GM SPECIAL SUGAR FREE,233.19,252.0,29.0
1135,CREAM CRACKER 350GM SPECIAL SUGAR FREE,233.19,255.0,53.0
1136,CREAM CRACKER 350GM SPECIAL SUGAR FREE,259.09,243.362831858407,1.0
1137,CREAM CRACKER 350GM SPECIAL SUGAR FREE,259.09,275.0,35.0
1138,CREAM CRACKER 350GM SPECIAL SUGAR FREE,259.09,280.0,29.0
1139,CREAM CRACKER 350GM SPECIAL SUGAR FREE,259.09,285.0,23.0
1140,AFZAL MINT 1PKT,155.0,180.0,7.0
1141,AFZAL MINT 1PKT,160.0,200.0,6.0
1142,AFZAL MINT 1PKT,175.0,180.0,1.0
1143,AFZAL MINT 1PKT,175.0,200.0,42.0
1144,AFZAL MINT 1PKT,183.68,185.0,1.0
1145,AFZAL MINT 1PKT,183.68,190.0,10.0
1146,AFZAL MINT 1PKT,183.68,200.0,7.0
1147,AFZAL MINT 1PKT,183.68,220.0,13.0
1148,AFZAL MINT 1PKT,183.68,250.0,50.0
